plant_genus	plant_species	plant_identification	bee_species	region
Shorea	Shorea_exelliptica	field_work	Lepidotrigona_ventralis	Indo-Malayan-Australasia
Shorea	Shorea_agamii	field_work	Lepidotrigona_ventralis	Indo-Malayan-Australasia
Shorea	Shorea_confusa	field_work	Lepidotrigona_ventralis	Indo-Malayan-Australasia
Shorea	Shorea_argentifolia	field_work	Lepidotrigona_ventralis	Indo-Malayan-Australasia
Vatica	Vatica_odorata	field_work	Lepidotrigona_ventralis	Indo-Malayan-Australasia
Shorea	Shorea_confusa	field_work	Tetragonula_melina	Indo-Malayan-Australasia
Shorea	Shorea_agamii	field_work	Tetragonula_melina	Indo-Malayan-Australasia
Shorea	Shorea_exelliptica	field_work	Tetragonula_collina	Indo-Malayan-Australasia
Shorea	Shorea_obscura	field_work	Tetragonula_melanocephala	Indo-Malayan-Australasia
Lannea	Lannea_coromandelica	field_work	Tetragonula_iridipennis	Indo-Malayan-Australasia
Mangifera	Mangifera_indica	field_work	Tetragonula_iridipennis	Indo-Malayan-Australasia
Spondias	Spondias_pinnata	field_work	Tetragonula_iridipennis	Indo-Malayan-Australasia
Alstonia	Alstonia_scholaris	field_work	Tetragonula_iridipennis	Indo-Malayan-Australasia
Calotropis	Calotropis_gigantea	field_work	Tetragonula_iridipennis	Indo-Malayan-Australasia
Cascabela	Cascabela_thevetia	field_work	Tetragonula_iridipennis	Indo-Malayan-Australasia
Catharanthus	Catharanthus_roseus	field_work	Tetragonula_iridipennis	Indo-Malayan-Australasia
Tabernaemontana	Tabernaemontana_divaricata	field_work	Tetragonula_iridipennis	Indo-Malayan-Australasia
Carica	Carica_papaya	field_work	Tetragonula_iridipennis	Indo-Malayan-Australasia
Cleome	Cleome_viscosa	field_work	Tetragonula_iridipennis	Indo-Malayan-Australasia
Shorea	Shorea_robusta	field_work	Tetragonula_iridipennis	Indo-Malayan-Australasia
Jatropha	Jatropha_curcas	field_work	Tetragonula_iridipennis	Indo-Malayan-Australasia
Jatropha	Jatropha_gossypiifolia	field_work	Tetragonula_iridipennis	Indo-Malayan-Australasia
Albizia	Albizia_lebbeck	field_work	Tetragonula_iridipennis	Indo-Malayan-Australasia
Butea	Butea_monosperma	field_work	Tetragonula_iridipennis	Indo-Malayan-Australasia
Senna	Senna_occidentalis	field_work	Tetragonula_iridipennis	Indo-Malayan-Australasia
Vachellia	Vachellia_nilotica	field_work	Tetragonula_iridipennis	Indo-Malayan-Australasia
Bombax	Bombax_ceiba	field_work	Tetragonula_iridipennis	Indo-Malayan-Australasia
Ceiba	Ceiba_pentandra	field_work	Tetragonula_iridipennis	Indo-Malayan-Australasia
Artocarpus	Artocarpus_heterophyllus	field_work	Tetragonula_iridipennis	Indo-Malayan-Australasia
Ficus	Ficus_benghalensis	field_work	Tetragonula_iridipennis	Indo-Malayan-Australasia
Ficus	Ficus_religiosa	field_work	Tetragonula_iridipennis	Indo-Malayan-Australasia
Moringa	Moringa_oleifera	field_work	Tetragonula_iridipennis	Indo-Malayan-Australasia
Argemone	Argemone_mexicana	field_work	Tetragonula_iridipennis	Indo-Malayan-Australasia
Mimusops	Mimusops_elengi	field_work	Tetragonula_iridipennis	Indo-Malayan-Australasia
Pinus	Pinus_elliottii	chemical	Scaptotrigona_postica	Neotropics
Mangifera	Mangifera_indica	chemical	Scaptotrigona_postica	Neotropics
Mimosa	Mimosa_tenuiflora	chemical	Scaptotrigona_postica	Neotropics
Pinus	Pinus_elliottii	chemical	Tetragonisca_fiebrigi	Neotropics
Mangifera	Mangifera_indica	chemical	Tetragonisca_fiebrigi	Neotropics
Cratoxylum	Cratoxylum_cochinchinense	chemical	Lisotrigona_carpenteri	Indo-Malayan-Australasia
Mangifera	Mangifera_indica	chemical	Lisotrigona_cacciae	Indo-Malayan-Australasia
Mangifera	Mangifera_indica	chemical	Lepidotrigona_ventralis	Indo-Malayan-Australasia
Mangifera	Mangifera_indica	chemical	Tetragonula_laeviceps	Indo-Malayan-Australasia
Mangifera	Mangifera_indica	chemical	Heterotrigona_itama	Indo-Malayan-Australasia
Mangifera	Mangifera_indica	chemical	Lisotrigona_furva	Indo-Malayan-Australasia
Schinus	Schinus_terebinthifolius	chemical	Melipona_quadrifasciata	Neotropics
Schinus	Schinus_terebinthifolius	chemical	Melipona_quadrifasciata	Neotropics
Pinus	Pinus_patula	chemical	Axestotrigona_ferruginea	Afrotropics
Cratoxylum	Cratoxylum_cochinchinense	chemical	Lisotrigona_furva	Indo-Malayan-Australasia
Mangifera	Mangifera_indica	chemical	Lisotrigona_furva	Indo-Malayan-Australasia
NA	NA	chemical	Lisotrigona_furva	Indo-Malayan-Australasia
Mangifera	Mangifera_indica	chemical	Tetragonula_laeviceps	Indo-Malayan-Australasia
Mangifera	Mangifera_indica	chemical	Heterotrigona_itama	Indo-Malayan-Australasia
Croton	Croton_yucatanensis	field_work	Trigona_corvina	Neotropics
Croton	Croton_yucatanensis	field_work	Trigona_fulviventris	Neotropics
Croton	Croton_yucatanensis	field_work	Plebeia_frontalis	Neotropics
NA	NA	NA	Melipona_subnitida	Neotropics
Heterotaxis	Heterotaxis superfua	chemical	Trigona_williana	Neotropics
Acacia	Acacia_auriculiformis	chemical	Heterotrigona_itama	Indo-Malayan-Australasia
Mimosa	Mimosa_tenuiflora	chemical	Scaptotrigona_postica	Neotropics
Mangifera	Mangifera_indica	chemical	Tetragonula_sapiens	Indo-Malayan-Australasia
Corymbia	Corymbia_torelliana	chemical	Tetragonula_carbonaria	Indo-Malayan-Australasia
Garcinia	Garcinia_prainiana	field_work	Heterotrigona_itama	Indo-Malayan-Australasia
Dipterocarpus	Dipterocarpus_grandiflorus	field_work	Homotrigona_fimbriata	Indo-Malayan-Australasia
Shorea	Shorea_balanocarpoides	field_work	Homotrigona_fimbriata	Indo-Malayan-Australasia
Shorea	Shorea_parvifolia	field_work	Homotrigona_fimbriata	Indo-Malayan-Australasia
Dipterocarpus	Dipterocarpus_grandiflorus	field_work	Homotrigona_melanoleuca	Indo-Malayan-Australasia
Shorea	Shorea_balanocarpoides	field_work	Homotrigona_melanoleuca	Indo-Malayan-Australasia
Shorea	Shorea_parvifolia	field_work	Homotrigona_melanoleuca	Indo-Malayan-Australasia
Dipterocarpus	Dipterocarpus_grandiflorus	field_work	Geniotrigona_thoracica	Indo-Malayan-Australasia
Shorea	Shorea_balanocarpoides	field_work	Geniotrigona_thoracica	Indo-Malayan-Australasia
Shorea	Shorea_parvifolia	field_work	Geniotrigona_thoracica	Indo-Malayan-Australasia
Dipterocarpus	Dipterocarpus_grandiflorus	field_work	Homotrigona_apicalis	Indo-Malayan-Australasia
Shorea	Shorea_balanocarpoides	field_work	Homotrigona_apicalis	Indo-Malayan-Australasia
Shorea	Shorea_parvifolia	field_work	Homotrigona_apicalis	Indo-Malayan-Australasia
Dipterocarpus	Dipterocarpus_grandiflorus	field_work	Tetragonula_collina	Indo-Malayan-Australasia
Shorea	Shorea_balanocarpoides	field_work	Tetragonula_collina	Indo-Malayan-Australasia
Shorea	Shorea_parvifolia	field_work	Tetragonula_collina	Indo-Malayan-Australasia
Dipterocarpus	Dipterocarpus_grandiflorus	field_work	Tetragonula_atripes	Indo-Malayan-Australasia
Shorea	Shorea_balanocarpoides	field_work	Tetragonula_atripes	Indo-Malayan-Australasia
Shorea	Shorea_parvifolia	field_work	Tetragonula_atripes	Indo-Malayan-Australasia
Dipterocarpus	Dipterocarpus_grandiflorus	field_work	Lepidotrigona_ventralis	Indo-Malayan-Australasia
Shorea	Shorea_balanocarpoides	field_work	Lepidotrigona_ventralis	Indo-Malayan-Australasia
Shorea	Shorea_parvifolia	field_work	Lepidotrigona_ventralis	Indo-Malayan-Australasia
Dipterocarpus	Dipterocarpus_grandiflorus	field_work	Tetragonula_fuscobalteata	Indo-Malayan-Australasia
Shorea	Shorea_balanocarpoides	field_work	Tetragonula_fuscobalteata	Indo-Malayan-Australasia
Shorea	Shorea_parvifolia	field_work	Tetragonula_fuscobalteata	Indo-Malayan-Australasia
Dipterocarpus	Dipterocarpus_grandiflorus	field_work	Tetragonula_laeviceps	Indo-Malayan-Australasia
Shorea	Shorea_balanocarpoides	field_work	Tetragonula_laeviceps	Indo-Malayan-Australasia
Shorea	Shorea_parvifolia	field_work	Tetragonula_laeviceps	Indo-Malayan-Australasia
Dipterocarpus	Dipterocarpus_grandiflorus	field_work	Tetragonula_reepeni	Indo-Malayan-Australasia
Shorea	Shorea_balanocarpoides	field_work	Tetragonula_reepeni	Indo-Malayan-Australasia
Shorea	Shorea_parvifolia	field_work	Tetragonula_reepeni	Indo-Malayan-Australasia
Dipterocarpus	Dipterocarpus_grandiflorus	field_work	Heterotrigona_itama	Indo-Malayan-Australasia
Shorea	Shorea_balanocarpoides	field_work	Heterotrigona_itama	Indo-Malayan-Australasia
Shorea	Shorea_parvifolia	field_work	Heterotrigona_itama	Indo-Malayan-Australasia
Dracaena	Dracaena_cochinchinensis	chemical	Lisotrigona_cacciae	Indo-Malayan-Australasia
Cratoxylum	Cratoxylum_cochinchinense	chemical	Lisotrigona_cacciae	Indo-Malayan-Australasia
Mangifera	Mangifera_indica	chemical	Lisotrigona_cacciae	Indo-Malayan-Australasia
Garcinia	Garcinia_mangostana	chemical	Lisotrigona_cacciae	Indo-Malayan-Australasia
Baeckea	Baeckea_frustescens	chemical	Heterotrigona_itama	Indo-Malayan-Australasia
Acacia	NA	chemical	Heterotrigona_itama	Indo-Malayan-Australasia
Garcinia	Garcinia_mangostana	chemical	Tetragonula_pagdeni	Indo-Malayan-Australasia
Dipterocarpus	Dipterocarpus_turbinatus	chemical	Homotrigona_apicalis	Indo-Malayan-Australasia
Corymbia	NA	field_work	Tetragonula_carbonaria	Indo-Malayan-Australasia
Lobelia	Lobelia_davidii	chemical	Scaptotrigona_bipunctata	Neotropics
Lobelia	Lobelia_davidii	chemical	Melipona_quadrifasciata	Neotropics
Clusia	NA	chemical	Frieseomelitta_longipes	Neotropics
Baccharis	Baccharis_dracunculifoia	chemical	Melipona_quadrifasciata	Neotropics
Baccharis	Baccharis_dracunculifoia	chemical	Tetragona_clavipes	Neotropics
Baccharis	Baccharis_dracunculifoia	chemical	Scaptotrigona_sp.	Neotropics
Mimosa	Mimosa_tenuiflora	chemical	Scaptotrigona_postica	Neotropics
Mangifera	Mangifera_indica	chemical	Tetragonula_minor	Indo-Malayan-Australasia
Schinus	Schinus_terebinthifolius	chemical	Tetragonisca_angustula	Neotropics
Schinus	Schinus_terebinthifolius	chemical	Tetragonisca_angustula	Neotropics
Schinus	Schinus_terebinthifolius	chemical	Tetragonisca_angustula	Neotropics
Schinus	Schinus_terebinthifolius	chemical	Tetragonisca_angustula	Neotropics
Schinus	Schinus_terebinthifolius	chemical	Tetragonisca_angustula	Neotropics
Schinus	Schinus_terebinthifolius	chemical	Tetragonisca_angustula	Neotropics
Schinus	Schinus_terebinthifolius	chemical	Tetragonisca_angustula	Neotropics
Schinus	Schinus_terebinthifolius	chemical	Tetragonisca_angustula	Neotropics
Kielmeyera	NA	chemical	Melipona_scutellaris	Neotropics
Clusia	NA	chemical	Melipona_scutellaris	Neotropics
Liquidambar	Liquidambar_styraciflua	chemical	Melipona_beecheii	Neotropics
Populus	Populus_nigra	chemical	Melipona_beecheii	Neotropics
Glycyrrhiza	Glycyrrhiza aspera	chemical	Tetragonula_biroi	Indo-Malayan-Australasia
Macaranga	NA	chemical	Tetragonula_biroi	Indo-Malayan-Australasia
Clusia	Clusia_fluminensis	field_work	Trigona_spinipes	Neotropics
Clusia	Clusia_lanceolata	field_work	Trigona_spinipes	Neotropics
Anacardium	Anacardium_occidentale	chemical	Wallacetrigona_incisa	Indo-Malayan-Australasia
Mangifera	Mangifera_indica	chemical	Wallacetrigona_incisa	Indo-Malayan-Australasia
Garcinia	Garcinia_mangostana	chemical	Homotrigona_melanoleuca	Indo-Malayan-Australasia
Garcinia	Garcinia_mangostana	chemical	Tetragonula_laeviceps	Indo-Malayan-Australasia
NA	NA	chemical	Homotrigona_melanoleuca	Indo-Malayan-Australasia
Pinus	Pinus_elliottii	chemical	Tetragonula_carbonaria	Indo-Malayan-Australasia
Pinus	Pinus_caribaea	chemical	Tetragonula_carbonaria	Indo-Malayan-Australasia
Xanthorrhoea	Xanthorrhoea_fulva	chemical	Tetragonula_carbonaria	Indo-Malayan-Australasia
Corymbia	Corymbia_torelliana	chemical	Tetragonula_carbonaria	Indo-Malayan-Australasia
Callitris	Callitris_collumellaris	chemical	Tetragonula_carbonaria	Indo-Malayan-Australasia
Araucaria	Araucaria_bidwillii	chemical	Tetragonula_carbonaria	Indo-Malayan-Australasia
Araucaria	Araucaria_cunninghamii	chemical	Tetragonula_carbonaria	Indo-Malayan-Australasia
Eucalyptus	Eucalyptus_racemosa	chemical	Tetragonula_carbonaria	Indo-Malayan-Australasia
Melia	Melia_azedarach	chemical	Tetragonula_carbonaria	Indo-Malayan-Australasia
Syncarpia	Syncarpia_hlomulifera	chemical	Tetragonula_carbonaria	Indo-Malayan-Australasia
Eucalyptus	Eucalyptus_grandis	chemical	Tetragonula_carbonaria	Indo-Malayan-Australasia
Eucalyptus	Eucalyptus_tereticornis	chemical	Tetragonula_carbonaria	Indo-Malayan-Australasia
Eucalyptus	Eucalyptus_longirostrata	chemical	Tetragonula_carbonaria	Indo-Malayan-Australasia
Eucalyptus	Eucalyptus_cloeziana	chemical	Tetragonula_carbonaria	Indo-Malayan-Australasia
Eucalyptus	Eucalyptus_propinqua	chemical	Tetragonula_carbonaria	Indo-Malayan-Australasia
Lophostemon	Lophostemon_suaveolens	chemical	Tetragonula_carbonaria	Indo-Malayan-Australasia
Corymbia	Corymbia_torelliana	chemical	Tetragonula_carbonaria	Indo-Malayan-Australasia
Corymbia	Corymbia_torelliana	chemical	Tetragonula_carbonaria	Indo-Malayan-Australasia
Syncarpia	Syncaripia_glomerulifera	chemical	Tetragonula_carbonaria	Indo-Malayan-Australasia
Pinus	NA	chemical	Tetragonula_carbonaria	Indo-Malayan-Australasia
Araucaria	Araucaria_cunninghamii	chemical	Tetragonula_carbonaria	Indo-Malayan-Australasia
Fragaria	Fragaria_ananassa	chemical	Melipona_fasciculata	Neotropics
Rubs	Rubus_idaeus	chemical	Melipona_fasciculata	Neotropics
Punica	Punica_granatum	chemical	Melipona_fasciculata	Neotropics
Eucalyptus	Eucalyptus_globules	chemical	Melipona_fasciculata	Neotropics
Morus	Morus_nigra	chemical	Melipona_fasciculata	Neotropics
NA	NA	chemical	Melipona_scutellaris	Neotropics
Canarium	Canarium_odontophylum	chemical	Geniotrigona_thoracica	Indo-Malayan-Australasia
Canarium	Canarium_odontophylum	chemical	Homotrigona_canifrons	Indo-Malayan-Australasia
Agathis	Agathis_borneensis	chemical	Homotrigona_haematoptera	Indo-Malayan-Australasia
Agathis	Agathis_borneensis	chemical	Heterotrigona_erythrogastra	Indo-Malayan-Australasia
Agathis	Agathis_borneensis	chemical	Geniotrigona_thoracica	Indo-Malayan-Australasia
Agathis	Agathis_borneensis	chemical	Homotrigona_apicalis	Indo-Malayan-Australasia
Agathis	Agathis_borneensis	chemical	Homotrigona_canifrons	Indo-Malayan-Australasia
Agathis	Agathis_borneensis	chemical	Tetragonula_geissleri	Indo-Malayan-Australasia
Agathis	Agathis_borneensis	chemical	Tetragonula_laeviceps	Indo-Malayan-Australasia
Agathis	Agathis_borneensis	chemical	Tetragonula_melanocephala	Indo-Malayan-Australasia
Agathis	Agathis_borneensis	chemical	Tetragonula_collina	Indo-Malayan-Australasia
Dipterocarpus	Dipterocarpus_applanatus	chemical	Homotrigona_canifrons	Indo-Malayan-Australasia
Hopea	Hopea_nervosa	chemical	Homotrigona_canifrons	Indo-Malayan-Australasia
Hopea	Hopea_nervosa	chemical	Tetragonula_geissleri	Indo-Malayan-Australasia
Hopea	Hopea_nervosa	chemical	Tetragonula_laeviceps	Indo-Malayan-Australasia
Hopea	Hopea_nervosa	chemical	Tetragonula_collina	Indo-Malayan-Australasia
Dacryodes	NA	chemical	Homotrigona_apicalis	Indo-Malayan-Australasia
Dacryodes	NA	chemical	Homotrigona_canifrons	Indo-Malayan-Australasia
Dacryodes	NA	chemical	Tetragonula_collina	Indo-Malayan-Australasia
Dryobalanops	Dryobalanops_lanceolata	chemical	Geniotrigona_thoracica	Indo-Malayan-Australasia
Dryobalanops	Dryobalanops_lanceolata	chemical	Heterotrigona_hobbyi	Indo-Malayan-Australasia
Dryobalanops	Dryobalanops_lanceolata	chemical	Homotrigona_canifrons	Indo-Malayan-Australasia
Dryobalanops	Dryobalanops_lanceolata	chemical	Tetragonula_geissleri	Indo-Malayan-Australasia
Dryobalanops	Dryobalanops_lanceolata	chemical	Tetragonula_laeviceps	Indo-Malayan-Australasia
Dryobalanops	Dryobalanops_lanceolata	chemical	Tetragonula_rufibasalis	Indo-Malayan-Australasia
Dryobalanops	Dryobalanops_lanceolata	chemical	Tetragonula_melanocephala	Indo-Malayan-Australasia
Dryobalanops	Dryobalanops_lanceolata	chemical	Tetragonula_collina	Indo-Malayan-Australasia
Dryobalanops	Dryobalanops_lanceolata	chemical	Homotrigona_fimbriata	Indo-Malayan-Australasia
Knema	NA	chemical	Tetragonula_geissleri	Indo-Malayan-Australasia
Knema	NA	chemical	Tetragonula_laeviceps	Indo-Malayan-Australasia
Parashorea	Parashorea_melanonaan	chemical	Tetragonula_geissleri	Indo-Malayan-Australasia
Parashorea	Parashorea_melanonaan	chemical	Tetragonula_laeviceps	Indo-Malayan-Australasia
Parashorea	Parashorea_melanonaan	chemical	Tetragonula_collina	Indo-Malayan-Australasia
Shorea	Shorea_parvifolia	chemical	Homotrigona_canifrons	Indo-Malayan-Australasia
Shorea	Shorea_parvifolia	chemical	Tetragonula_collina	Indo-Malayan-Australasia
Shorea	Shorea_parvifolia	chemical	Homotrigona_binghami	Indo-Malayan-Australasia
Dipterocarpus	Dipterocarpus_stellatus	chemical	Tetragonula_collina	Indo-Malayan-Australasia
Gluta	Gluta_sabatan	chemical	Tetragonula_collina	Indo-Malayan-Australasia
Shorea	Shorea_xantophylla	chemical	Homotrigona_apicalis	Indo-Malayan-Australasia
Shorea	Shorea_xantophylla	chemical	Homotrigona_canifrons	Indo-Malayan-Australasia
Shorea	Shorea_xantophylla	chemical	Tetragonula_geissleri	Indo-Malayan-Australasia
Shorea	Shorea_xantophylla	chemical	Tetragonula_laeviceps	Indo-Malayan-Australasia
Shorea	Shorea_xantophylla	chemical	Tetragonula_rufibasalis	Indo-Malayan-Australasia
Shorea	Shorea_xantophylla	chemical	Tetragonula_melanocephala	Indo-Malayan-Australasia
Shorea	Shorea_xantophylla	chemical	Tetragonula_collina	Indo-Malayan-Australasia
Shorea	Shorea_xantophylla	chemical	Homotrigona_fimbriata	Indo-Malayan-Australasia
Shorea	Shorea_xantophylla	chemical	Homotrigona_binghami	Indo-Malayan-Australasia
Shorea	Shorea_macroptera	chemical	Tetragonula_geissleri	Indo-Malayan-Australasia
Shorea	Shorea_macroptera	chemical	Tetragonula_laeviceps	Indo-Malayan-Australasia
Shorea	Shorea_macroptera	chemical	Tetragonula_rufibasalis	Indo-Malayan-Australasia
Shorea	Shorea_macroptera	chemical	Tetragonula_melanocephala	Indo-Malayan-Australasia
Shorea	Shorea_macroptera	chemical	Tetragonula_collina	Indo-Malayan-Australasia
Shorea	Shorea_macroptera	chemical	Homotrigona_fimbriata	Indo-Malayan-Australasia
Shorea	Shorea_macroptera	chemical	Tetragonula_fuscobalteata	Indo-Malayan-Australasia
Parashorea	Parashorea_tomentella	chemical	Homotrigona_canifrons	Indo-Malayan-Australasia
Parashorea	Parashorea_tomentella	chemical	Tetragonula_melanocephala	Indo-Malayan-Australasia
Parashorea	Parashorea_tomentella	chemical	Tetragonula_geissleri	Indo-Malayan-Australasia
Parashorea	Parashorea_tomentella	chemical	Tetragonula_laeviceps	Indo-Malayan-Australasia
Parashorea	Parashorea_tomentella	chemical	Tetragonula_collina	Indo-Malayan-Australasia
Parashorea	Parashorea_tomentella	chemical	Homotrigona_fimbriata	Indo-Malayan-Australasia
Parashorea	Parashorea_tomentella	chemical	Homotrigona_binghami	Indo-Malayan-Australasia
Shorea	Shorea_smithiana	chemical	Homotrigona_binghami	Indo-Malayan-Australasia
Shorea	Shorea_smithiana	chemical	Homotrigona_fimbriata	Indo-Malayan-Australasia
Shorea	Shorea_smithiana	chemical	Tetragonula_collina	Indo-Malayan-Australasia
Shorea	Shorea_smithiana	chemical	Tetragonula_melanocephala	Indo-Malayan-Australasia
Shorea	Shorea_smithiana	chemical	Tetragonula_geissleri	Indo-Malayan-Australasia
Shorea	Shorea_smithiana	chemical	Tetragonula_laeviceps	Indo-Malayan-Australasia
Corymbia	Corymbia_torelliana	chemical	Tetragonula_carbonaria	Indo-Malayan-Australasia
Euphorbia	Euphorbia_milii	field_work	Tetragonisca_angustula	Neotropics
Clusia	Clusia_fluminensis	field_work	Tetragonisca_angustula	Neotropics
Clusia	Clusia_fluminensis	field_work	Trigona_spinipes	Neotropics
Eucalyptus	NA	field_work	Trigona_spinipes	Neotropics
Clusia	Clusia_fluminensis	field_work	Plebeia_lucii	Neotropics
Euphorbia	Euphorbia_milii	field_work	Plebeia_emerina	Neotropics
Corymbia	Corymbia_torelliana	field_work	Tetragonula_sapiens	Indo-Malayan-Australasia
Corymbia	Corymbia_torelliana	field_work	Tetragonula_hockingsi	Indo-Malayan-Australasia
Dryobalanops	Dryobalanops_lanceolata	field_work	Tetragonula_laeviceps	Indo-Malayan-Australasia
Dryobalanops	Dryobalanops_lanceolata	field_work	Tetragonula_geissleri	Indo-Malayan-Australasia
Hopea	Hopea_nervosa	field_work	Homotrigona_binghami	Indo-Malayan-Australasia
Hopea	Hopea_nervosa	field_work	Tetragonula_melanocephala	Indo-Malayan-Australasia
Shorea	Shorea_parvifolia	field_work	Homotrigona_binghami	Indo-Malayan-Australasia
Horsfieldia	Horsfieldia_palidicaula	field_work	Tetragonula_laeviceps	Indo-Malayan-Australasia
Horsfieldia	Horsfieldia_palidicaula	field_work	Tetragonula_geissleri	Indo-Malayan-Australasia
Horsfieldia	Horsfieldia_palidicaula	field_work	Tetragonula_melanocephala	Indo-Malayan-Australasia
Horsfieldia	Horsfieldia_palidicaula	field_work	Tetragonula_melina	Indo-Malayan-Australasia
Shorea	Shorea_parvifolia	field_work	Homotrigona_fimbriata	Indo-Malayan-Australasia
Agathis	Agathis_borneensis	field_work	Geniotrigona_thoracica	Indo-Malayan-Australasia
Agathis	Agathis_borneensis	field_work	Homotrigona_canifrons	Indo-Malayan-Australasia
Agathis	Agathis_borneensis	field_work	Heterotrigona_erythrogastra	Indo-Malayan-Australasia
Agathis	Agathis_borneensis	field_work	Tetragonula_collina	Indo-Malayan-Australasia
Agathis	Agathis_borneensis	field_work	Homotrigona_haematoptera	Indo-Malayan-Australasia
Dacryodes	NA	field_work	Homotrigona_canifrons	Indo-Malayan-Australasia
Dacryodes	NA	field_work	Tetragonula_laeviceps	Indo-Malayan-Australasia
Dacryodes	NA	field_work	Tetragonula_geissleri	Indo-Malayan-Australasia
Dryobalanops	Dryobalanops_lanceolata	field_work	Tetragonula_laeviceps	Indo-Malayan-Australasia
Dryobalanops	Dryobalanops_lanceolata	field_work	Tetragonula_geissleri	Indo-Malayan-Australasia
Hopea	Hopea_nervosa	field_work	Heterotrigona_erythrogastra	Indo-Malayan-Australasia
Hopea	Hopea_nervosa	field_work	Homotrigona_haematoptera	Indo-Malayan-Australasia
Parashorea	Parashorea_tomentella	field_work	Homotrigona_canifrons	Indo-Malayan-Australasia
Parashorea	Parashorea_tomentella	field_work	Homotrigona_haematoptera	Indo-Malayan-Australasia
Parashorea	Parashorea_tomentella	field_work	Tetragonula_collina	Indo-Malayan-Australasia
Parashorea	Parashorea_tomentella	field_work	Homotrigona_binghami	Indo-Malayan-Australasia
Shorea	Shorea_smithiana	field_work	Tetragonula_collina	Indo-Malayan-Australasia
Corymbia	Corymbia_citriodora	field_work	Trigona_spinipes	Neotropics
Schinus	Schinus_terebinthifolius	field_work	Tetragonisca_angustula	Neotropics
Schinus	Schinus_terebinthifolius	field_work	Plebeia_remota	Neotropics
Araucaria	Araucaria_angustifolia	field_work	Plebeia_remota	Neotropics
Schinus	Schinus_terebinthifolius	field_work	Plebeia_droryana	Neotropics
Araucaria	Araucaria_angustifolia	field_work	Plebeia_droryana	Neotropics
Araucaria	Araucaria_angustifolia	field_work	Scaptotrigona_bipunctata	Neotropics
Araucaria	Araucaria_angustifolia	field_work	Tetragona_clavipes	Neotropics
Schinus	Schinus_terebinthifolius	field_work	Melipona_scutellaris	Neotropics
Schinus	Schinus_terebinthifolius	field_work	Melipona_quadrifasciata	Neotropics
Schinus	Schinus_terebinthifolius	field_work	Tetragonisca_angustula	Neotropics
Zygia	Zygia_racemosa	field_work	Melipona_seminigra_merrillae	Neotropics
Zygia	Zygia_racemosa	field_work	Melipona_compressipes	Neotropics
Pterocarpus	NA	field_work	Melipona_compressipes	Neotropics
Pterocarpus	NA	field_work	Melipona_favosa	Neotropics
Dacrydium	Dacrydium biforme	chemical	Frieseomelitta_silvestrii	Neotropics
Eucalyptus	Eucalyptus_cytriodora	chemical	Melipona_marginata	Neotropics
Eucalyptus	Eucalyptus_cytriodora	chemical	Melipona_scutelaris	Neotropics
Eucalyptus	Eucalyptus_cytriodora	chemical	Melipona_quadrifasciata	Neotropics
Eucalyptus	Eucalyptus_cytriodora	chemical	Plebeia_remota	Neotropics
Clusia	Clusia grandiflora	chemical	Paratrigona_anduzei	Neotropics
Corymbia	Corymbia_torelliana 	field_work	Tetragonula_carbonaria	Indo-Malayan-Australasia
Clusia	Clusia minor	chemical	Frieseomelitta_varia	Neotropics
Clusia	Clusia minor	chemical	Melipona_favosa	Neotropics
Clusia	Clusia minor	chemical	Melipona_compressipes	Neotropics
Clusia	Clusia minor	chemical	Scaptotrigona_depilis	Neotropics
Clusia	Clusia major	chemical	Frieseomelitta_varia	Neotropics
Clusia	Clusia major	chemical	Melipona_favosa	Neotropics
Clusia	Clusia major	chemical	Melipona_compressipes	Neotropics
Clusia	Clusia major	chemical	Scaptotrigona_depilis	Neotropics
